{
  "accuracy": [
    0.7816058993339539
  ],
  "loss": [
    0.6194137334823608
  ],
  "val_accuracy": [
    0.871999979019165
  ],
  "val_loss": [
    0.32059481739997864
  ]
}