{
  "accuracy": [
    0.9362368583679199,
    0.9860517978668213,
    0.9874750971794128,
    0.9897523522377014,
    0.9943068623542786,
    0.9960147738456726,
    0.9957301616668701,
    0.9923142790794373,
    0.9940221905708313,
    0.9974380731582642,
    0.9948761463165283,
    0.9980074167251587,
    0.9985767006874084,
    0.9968687891960144,
    0.9971534013748169,
    0.9974380731582642,
    0.9965841174125671
  ],
  "loss": [
    0.1636875867843628,
    0.041362397372722626,
    0.033665791153907776,
    0.02757205441594124,
    0.01778039149940014,
    0.012665016576647758,
    0.012558985501527786,
    0.01775452122092247,
    0.016484685242176056,
    0.00812672358006239,
    0.013865776360034943,
    0.007047951687127352,
    0.004128237254917622,
    0.0069230482913553715,
    0.007029300555586815,
    0.009479678235948086,
    0.006755953188985586
  ],
  "val_accuracy": [
    0.980053186416626,
    0.980053186416626,
    0.9893617033958435,
    0.9946808218955994,
    0.9933510422706604,
    0.9946808218955994,
    0.9960106611251831,
    0.9960106611251831,
    0.9906914830207825,
    0.9946808218955994,
    0.9960106611251831,
    0.9960106611251831,
    0.9960106611251831,
    0.9933510422706604,
    0.9933510422706604,
    0.9946808218955994,
    0.9933510422706604
  ],
  "val_loss": [
    0.05621754750609398,
    0.056251801550388336,
    0.0272459015250206,
    0.014306542463600636,
    0.01810913160443306,
    0.013829318806529045,
    0.010338866151869297,
    0.011293166317045689,
    0.026142138987779617,
    0.012376044876873493,
    0.011936184950172901,
    0.009710477665066719,
    0.010321211069822311,
    0.012826576828956604,
    0.011623824946582317,
    0.02229810506105423,
    0.020275821909308434
  ]
}