{
  "Blight": {
    "precision": 0.8455284552845529,
    "recall": 0.6011560693641619,
    "f1-score": 0.7027027027027027,
    "support": 173.0
  },
  "Common_Rust": {
    "precision": 0.9885714285714285,
    "recall": 0.8781725888324873,
    "f1-score": 0.9301075268817204,
    "support": 197.0
  },
  "Gray_Leaf_Spot": {
    "precision": 0.5197368421052632,
    "recall": 0.9080459770114943,
    "f1-score": 0.6610878661087866,
    "support": 87.0
  },
  "Healthy": {
    "precision": 0.9776536312849162,
    "recall": 1.0,
    "f1-score": 0.9887005649717514,
    "support": 175.0
  },
  "worm": {
    "precision": 0.9457364341085271,
    "recall": 0.9682539682539683,
    "f1-score": 0.9568627450980393,
    "support": 126.0
  },
  "accuracy": 0.8614775725593667,
  "macro avg": {
    "precision": 0.8554453582709376,
    "recall": 0.8711257206924223,
    "f1-score": 0.8478922811526001,
    "support": 758.0
  },
  "weighted avg": {
    "precision": 0.8924726591404903,
    "recall": 0.8614775725593667,
    "f1-score": 0.8653043528590243,
    "support": 758.0
  }
}