{
  "infected": {
    "precision": 0.9921259842519685,
    "recall": 1.0,
    "f1-score": 0.9960474308300395,
    "support": 126.0
  },
  "non_infected": {
    "precision": 1.0,
    "recall": 0.9984101748807631,
    "f1-score": 0.9992044550517104,
    "support": 629.0
  },
  "accuracy": 0.9986754966887417,
  "macro avg": {
    "precision": 0.9960629921259843,
    "recall": 0.9992050874403815,
    "f1-score": 0.9976259429408749,
    "support": 755.0
  },
  "weighted avg": {
    "precision": 0.9986859258486729,
    "recall": 0.9986754966887417,
    "f1-score": 0.9986775874332594,
    "support": 755.0
  }
}